is_return,row_count,rate
not_return,527937,0.9836651114953494
return_cancel,8767,0.01633488850465061
