seed,test_pr_auc
11,0.03848183001246053
22,0.05315687804194767
33,0.04695168890329646
