model,top_k_percent,rows_in_top_k,precision_at_k,recall_at_k,test_base_rate,lift_at_k
rf_history_smoothed,1,1095,0.10684931506849316,0.08558888076079005,0.012481966434741322,8.560295016584663
rf_history_smoothed,5,5475,0.06648401826484018,0.26627651792245793,0.012481966434741322,5.326405788097123
rf_history_smoothed,10,10951,0.049219249383617936,0.39429407461594734,0.012481966434741322,3.943228788584542
