signal,count,mean,std,min,25%,50%,75%,max
item_fit_issue_score,7228.0,0.28135251610507594,0.060946704547950634,0.08593989291971428,0.2508006445725346,0.27473589851832164,0.30629456800597943,0.8172278250740515
item_length_issue_score,1374.0,0.254179344204329,0.04007888467452492,0.10615468724303614,0.24339496859759308,0.24737011018792568,0.2637021716649431,0.6483387450425947
item_quality_issue_score,1376.0,0.2608566483869451,0.023985032411093014,0.15269769498919053,0.2541427697050756,0.2584365858878927,0.2666175176579705,0.4084138261355472
fit_signal_reliability_weight,7228.0,0.29409516057136303,0.23821558716212424,0.025580226640524912,0.0950283652044727,0.23955588698318006,0.4405758938911848,0.9832860264275207
length_signal_reliability_weight,7228.0,0.035278712080806546,0.1384168203466393,0.0,0.0,0.0,0.0,0.9708788291146256
quality_signal_reliability_weight,7228.0,0.03526472921660632,0.13844196528510852,0.0,0.0,0.0,0.0,0.9709171221303678
